{
  "name": "Keto Slim Formula",
  "campaignId": "211",
  "LLC": "Jenald Xander Brilliance LLC",
  "phoneNumber": "1-888-712-2042",
  "email": "support@ketoslimformula.com",
  "cancellationEmail": "support@ketoslimformula.com",
  "address": "1353 Riverstone Parkway Suite 120 #258, Canton, GA 30114, United States",
  "returnAddress": "1175 Baker St. #E19-204, Costa Mesa, CA 92626, United States",
  "shippingLength": 0,
  "url": "ketoslimformula.com",

  "product": {
    "descriptor": "Keto Slim Formula",
    "container": "Bottle",
    "amount": 60,
    "measure": "Capsules",
    "amountTravel": 6,
    "claim": "\nMay help in weight management.",
    "description": "Keto Slim Formula is our dietary supplement that may help you control your appetite. Our solution may help you suppress your hunger keeping you away from unnecessary calorie intake. Why not give us a try today, our products will surely make a difference.",
    "suggestedUse": "As a dietary supplement, take two(2) capsules a day with an 8oz glass of water.",
    "image": "background.png",
    "bottleImage": "order1pck.jpg",

    "options": [{
        "type": "Keto",
        "ingredients": "keto",
        "quantity": 1,
        "productId": "85",
        "shippingId": "7",
        "image": "images/bottle2.png",
        "description": "Keto Slim Formula Keto is our dietary supplement that may help you get fit and sexy in no time. Our solution may help you achieve and maintain your desired body weight so you may look good on that next big event. Why not give us a try today, you will surely feel the difference.",
        "price": {
          "straightSale": {
            "regular": 87.43,
            "shipping": 0.00
          },
          "travelPack": {
            "regular": 7.49,
            "shipping": 0.00
          },
          "continuity": {
            "regular": 87.43,
            "shipping": 0.00
          }
        }
      },
      {
        "type": "Garcinia",
        "ingredients": "garcinia",
        "quantity": 1,
        "productId": "89",
        "shippingId": "7",
        "image": "images/bottle3.png",
        "description": "Keto Slim Formula Garcinia is our dietary supplement that may help you control your appetite. Our solution may help you suppress your hunger keeping you away from unnecessary calorie intake. Why not give us a try today, our products will surely make a difference.",
        "price": {
          "straightSale": {
            "regular": 87.43,
            "shipping": 0.00
          },
          "travelPack": {
            "regular": 6.59,
            "shipping": 0.00
          },
          "continuity": {
            "regular": 89.65,
            "shipping": 0.00
          }
        }
      }
    ]
  }
}
